score,magnitude
0.029999999329447746,1.9520000219345093
